player,week,games_played,max_fpts,min_fpts,avg_fpts,avg_minutes
Aaron Gordon,1,2,84.0,30.3,57.1,32.0
Aaron Gordon,2,3,23.8,11.5,18.3,29.3
Aaron Gordon,3,3,34.4,27.4,31.7,28.3
Aaron Gordon,4,3,51.2,27.1,35.1,32.3
Aaron Gordon,5,2,40.3,0.0,20.1,17.5
Aaron Gordon,11,1,26.0,26.0,26.0,21.0
Aaron Gordon,12,3,36.6,23.6,31.3,26.3
Aaron Gordon,13,2,42.9,29.8,36.4,30.0
Alex Sarr,1,3,47.3,28.5,39.1,25.7
Alex Sarr,2,3,63.4,29.0,41.7,29.3
Alex Sarr,3,4,56.2,42.0,48.0,29.8
Alex Sarr,4,3,52.1,11.8,35.6,30.7
Alex Sarr,5,1,32.1,32.1,32.1,28.0
Alex Sarr,6,2,56.8,41.8,49.3,35.5
Alex Sarr,9,2,42.1,31.6,36.9,25.0
Alex Sarr,10,3,55.8,37.5,44.0,25.0
Alex Sarr,11,4,46.8,14.8,30.6,27.0
Alex Sarr,12,4,54.1,13.5,38.7,27.8
Alex Sarr,13,2,33.0,6.5,19.8,20.5
Alperen Sengun,1,2,71.0,33.5,52.2,43.5
Alperen Sengun,2,3,57.3,42.6,48.4,32.0
Alperen Sengun,3,4,51.8,46.5,48.5,37.8
Alperen Sengun,4,3,81.2,41.1,57.1,36.3
Alperen Sengun,5,2,55.5,25.5,40.5,37.0
Alperen Sengun,6,3,45.0,31.0,36.4,32.7
Alperen Sengun,7,2,89.3,56.0,72.7,34.0
Alperen Sengun,8,1,50.5,50.5,50.5,36.0
Alperen Sengun,9,4,70.0,20.0,50.6,37.2
Alperen Sengun,10,2,54.5,34.0,44.2,29.5
Alperen Sengun,11,2,50.0,1.5,25.8,17.5
Alperen Sengun,12,1,39.8,39.8,39.8,35.0
Alperen Sengun,13,3,53.5,35.5,44.3,33.7
Amen Thompson,1,2,31.0,6.0,18.5,34.5
Amen Thompson,2,3,43.5,36.0,39.4,32.3
Amen Thompson,3,4,59.3,27.1,42.5,38.5
Amen Thompson,4,3,47.8,24.0,34.3,35.3
Amen Thompson,5,2,48.5,38.8,43.6,41.5
Amen Thompson,6,3,53.8,26.0,37.3,35.3
Amen Thompson,7,4,51.0,20.0,38.1,34.8
Amen Thompson,8,1,54.5,54.5,54.5,41.0
Amen Thompson,9,4,55.8,38.0,44.5,42.0
Amen Thompson,10,3,49.5,29.8,40.9,33.3
Amen Thompson,11,3,52.0,46.0,49.5,36.0
Amen Thompson,12,4,55.3,30.5,45.7,38.5
Amen Thompson,13,3,36.8,26.8,30.4,39.3
Andrew Nembhard,1,1,4.5,4.5,4.5,17.0
Andrew Nembhard,3,2,31.6,22.6,27.1,31.5
Andrew Nembhard,4,3,43.9,28.3,38.1,29.3
Andrew Nembhard,5,3,58.4,15.8,30.2,33.0
Andrew Nembhard,6,3,28.1,17.3,22.2,34.7
Andrew Nembhard,7,3,37.6,33.1,35.3,31.3
Andrew Nembhard,8,3,58.6,14.3,36.2,32.7
Andrew Nembhard,9,2,44.7,12.8,28.8,32.0
Andrew Nembhard,10,4,44.8,19.5,32.5,33.2
Andrew Nembhard,11,4,44.6,18.1,35.0,32.8
Andrew Nembhard,12,2,66.2,36.8,51.5,29.5
Andrew Nembhard,13,3,39.1,30.0,35.3,32.7
Andrew Wiggins,1,3,28.3,16.8,23.5,29.0
Andrew Wiggins,2,3,41.6,23.8,34.4,34.0
Andrew Wiggins,3,4,51.9,24.1,36.5,33.2
Andrew Wiggins,4,3,39.1,22.8,33.2,35.3
Andrew Wiggins,5,2,32.6,14.0,23.3,33.5
Andrew Wiggins,6,2,60.6,20.3,40.5,34.0
Andrew Wiggins,7,4,49.1,23.3,32.2,31.2
Andrew Wiggins,8,1,32.9,32.9,32.9,35.0
Andrew Wiggins,9,3,26.6,17.6,21.1,29.7
Andrew Wiggins,10,3,60.2,18.1,40.4,32.0
Andrew Wiggins,11,4,58.7,21.6,33.4,29.8
Andrew Wiggins,12,3,35.6,23.6,28.1,27.7
Andrew Wiggins,13,2,34.9,14.0,24.4,32.0
Anthony Black,1,3,27.8,10.5,18.7,24.7
Anthony Black,2,4,35.4,12.3,21.1,27.5
Anthony Black,3,3,38.6,7.5,22.1,26.3
Anthony Black,4,4,36.4,2.0,20.4,27.0
Anthony Black,5,4,36.0,22.1,29.8,29.8
Anthony Black,6,2,42.7,28.3,35.5,30.0
Anthony Black,7,4,45.1,16.5,30.6,31.0
Anthony Black,8,2,26.3,25.5,25.9,35.5
Anthony Black,9,2,36.3,27.6,31.9,38.5
Anthony Black,10,4,64.1,35.6,45.3,32.5
Anthony Black,11,4,63.4,32.1,41.8,33.0
Anthony Black,12,4,55.4,12.5,27.6,32.8
Anthony Black,13,1,47.2,47.2,47.2,36.0
Anthony Davis,1,3,58.0,45.1,51.9,35.0
Anthony Davis,2,2,53.8,9.0,31.4,22.5
Anthony Davis,6,1,40.5,40.5,40.5,28.0
Anthony Davis,7,4,71.1,16.0,50.0,28.5
Anthony Davis,8,1,58.0,58.0,58.0,33.0
Anthony Davis,9,2,53.5,41.3,47.4,35.5
Anthony Davis,10,3,65.8,11.5,47.4,27.3
Anthony Davis,11,2,57.0,24.0,40.5,38.0
Anthony Davis,12,2,47.5,36.0,41.8,35.5
Anthony Edwards,1,3,51.0,5.8,34.6,25.7
Anthony Edwards,3,3,48.6,24.9,38.7,28.3
Anthony Edwards,4,3,59.5,41.3,50.3,37.3
Anthony Edwards,5,3,64.0,23.3,37.2,35.0
Anthony Edwards,6,4,71.0,43.5,53.4,38.2
Anthony Edwards,7,3,59.3,24.6,36.6,38.3
Anthony Edwards,8,1,67.4,67.4,67.4,38.0
Anthony Edwards,9,2,56.9,29.6,43.2,39.0
Anthony Edwards,10,3,60.2,35.1,51.6,38.0
Anthony Edwards,11,4,59.8,44.6,49.5,33.2
Anthony Edwards,12,4,51.7,28.3,39.9,34.8
Austin Reaves,1,3,93.3,46.8,66.4,37.3
Austin Reaves,2,4,58.4,30.6,46.8,38.2
Austin Reaves,4,4,49.6,14.5,39.2,33.5
Austin Reaves,5,2,38.3,32.8,35.5,36.5
Austin Reaves,6,3,64.1,55.7,61.2,38.7
Austin Reaves,7,4,67.0,15.6,37.2,36.5
Austin Reaves,8,1,34.6,34.6,34.6,40.0
Austin Reaves,10,2,18.3,17.1,17.7,18.5
Ayo Dosunmu,1,2,24.1,19.4,21.8,27.0
Ayo Dosunmu,2,3,52.3,12.0,32.7,25.7
Ayo Dosunmu,3,2,17.8,17.3,17.6,21.5
Ayo Dosunmu,4,3,40.9,15.1,27.4,27.0
Ayo Dosunmu,5,4,39.8,11.8,28.4,27.8
Ayo Dosunmu,6,3,36.6,7.3,23.3,30.0
Ayo Dosunmu,7,3,31.7,14.0,24.1,33.3
Ayo Dosunmu,9,2,17.1,15.3,16.2,15.5
Ayo Dosunmu,10,3,22.1,9.0,16.4,20.3
Ayo Dosunmu,11,4,36.1,28.0,31.1,26.5
Ayo Dosunmu,12,3,53.9,32.4,41.7,28.3
Ayo Dosunmu,13,3,36.6,17.3,26.1,23.7
Bam Adebayo,1,3,38.7,23.3,30.9,33.3
Bam Adebayo,2,3,52.3,40.9,48.1,34.3
Bam Adebayo,3,2,50.6,0.5,25.6,19.0
Bam Adebayo,5,3,45.4,37.8,41.4,30.3
Bam Adebayo,6,3,36.8,26.0,32.4,30.3
Bam Adebayo,7,4,68.5,23.5,46.0,31.2
Bam Adebayo,8,1,46.0,46.0,46.0,36.0
Bam Adebayo,9,4,36.3,17.5,30.3,33.5
Bam Adebayo,10,1,32.0,32.0,32.0,34.0
Bam Adebayo,11,4,39.3,24.8,33.2,29.2
Bam Adebayo,12,3,31.0,22.8,26.1,28.3
Bam Adebayo,13,2,64.7,32.9,48.8,32.5
Bilal Coulibaly,2,2,40.6,21.0,30.8,25.5
Bilal Coulibaly,3,2,26.4,0.0,13.2,22.0
Bilal Coulibaly,4,1,28.5,28.5,28.5,28.0
Bilal Coulibaly,5,3,35.6,12.3,21.5,26.7
Bilal Coulibaly,6,2,25.5,17.6,21.6,32.5
Bilal Coulibaly,7,2,20.8,14.5,17.6,29.0
Bilal Coulibaly,9,1,4.0,4.0,4.0,23.0
Bilal Coulibaly,10,3,44.3,21.4,35.2,26.0
Bilal Coulibaly,11,4,40.0,18.8,25.7,27.2
Bilal Coulibaly,12,4,42.3,20.8,28.2,30.0
Bilal Coulibaly,13,1,7.0,7.0,7.0,10.0
Brandon Ingram,1,3,41.6,28.5,36.3,32.0
Brandon Ingram,2,4,45.5,27.5,39.7,33.2
Brandon Ingram,3,3,38.0,34.6,35.9,34.3
Brandon Ingram,4,3,44.8,18.5,32.3,32.7
Brandon Ingram,5,4,48.0,25.6,36.3,33.5
Brandon Ingram,6,4,45.0,8.1,29.4,36.8
Brandon Ingram,7,4,38.5,9.8,26.7,33.8
Brandon Ingram,8,1,54.9,54.9,54.9,39.0
Brandon Ingram,9,4,45.2,29.4,39.9,35.2
Brandon Ingram,10,3,44.3,22.6,36.0,33.7
Brandon Ingram,11,3,57.8,32.5,44.6,34.7
Brandon Ingram,12,2,44.4,16.0,30.2,23.0
Brandon Ingram,13,3,50.4,29.6,38.3,37.0
Brandon Miller,1,2,37.6,0.0,18.8,20.0
Brandon Miller,5,1,33.1,33.1,33.1,26.0
Brandon Miller,6,3,45.0,9.0,27.1,28.3
Brandon Miller,7,2,22.7,13.8,18.2,30.0
Brandon Miller,8,2,46.0,31.1,38.5,36.5
Brandon Miller,9,2,62.7,15.8,39.2,32.5
Brandon Miller,10,3,40.2,7.1,26.8,31.0
Brandon Miller,11,4,51.9,24.7,38.9,35.0
Brandon Miller,12,3,47.1,13.3,30.3,24.0
Brandon Miller,13,2,41.6,28.3,35.0,36.5
Brice Sensabaugh,1,2,32.9,23.9,28.4,22.5
Brice Sensabaugh,2,4,16.8,-0.7,7.7,10.0
Brice Sensabaugh,3,2,3.3,0.0,1.6,11.5
Brice Sensabaugh,4,4,32.2,12.4,23.3,16.8
Brice Sensabaugh,5,3,10.8,1.8,6.3,16.3
Brice Sensabaugh,6,3,27.1,21.8,25.0,23.7
Brice Sensabaugh,7,4,14.6,1.0,9.3,12.5
Brice Sensabaugh,8,1,23.4,23.4,23.4,17.0
Brice Sensabaugh,9,3,21.4,15.0,17.8,21.3
Brice Sensabaugh,10,4,25.9,7.8,20.0,26.2
Brice Sensabaugh,11,3,23.5,9.8,17.6,32.7
Brice Sensabaugh,12,4,31.1,16.1,23.0,28.8
Brice Sensabaugh,13,3,67.0,4.3,37.9,28.7
CJ McCollum,1,3,36.2,13.3,22.5,30.7
CJ McCollum,2,3,25.5,21.4,24.0,28.7
CJ McCollum,3,4,42.6,4.5,21.2,25.2
CJ McCollum,4,3,57.5,14.6,34.3,34.7
CJ McCollum,5,3,30.1,25.1,27.7,28.0
CJ McCollum,6,2,71.5,19.8,45.6,33.5
CJ McCollum,7,4,48.2,19.5,30.2,31.8
CJ McCollum,8,2,41.9,27.6,34.8,35.5
CJ McCollum,9,3,50.3,23.3,33.5,34.0
CJ McCollum,10,3,32.4,22.3,27.0,32.3
CJ McCollum,11,4,33.5,28.9,30.4,28.2
CJ McCollum,12,2,45.9,17.0,31.4,31.0
CJ McCollum,13,2,29.8,29.1,29.5,28.0
Cade Cunningham,1,3,38.8,34.4,36.1,37.0
Cade Cunningham,2,3,77.3,11.8,53.2,34.0
Cade Cunningham,3,4,59.1,43.3,52.0,37.5
Cade Cunningham,4,1,86.6,86.6,86.6,45.0
Cade Cunningham,5,2,61.9,51.3,56.6,33.5
Cade Cunningham,6,4,63.7,42.5,53.2,37.5
Cade Cunningham,7,4,61.6,35.8,52.3,35.2
Cade Cunningham,8,1,36.1,36.1,36.1,23.0
Cade Cunningham,9,3,57.8,50.6,55.2,39.0
Cade Cunningham,10,4,75.4,36.3,54.3,33.5
Cade Cunningham,11,3,61.6,49.6,55.3,36.7
Cade Cunningham,12,1,63.4,63.4,63.4,29.0
Cade Cunningham,13,1,16.0,16.0,16.0,38.0
Cam Spencer,1,3,21.6,2.0,11.4,14.3
Cam Spencer,2,4,23.6,14.3,20.9,19.5
Cam Spencer,3,4,27.5,8.8,20.0,18.2
Cam Spencer,4,3,25.6,10.5,16.8,22.7
Cam Spencer,5,3,36.9,17.3,26.4,24.0
Cam Spencer,6,4,30.9,18.6,24.9,23.5
Cam Spencer,7,3,41.4,31.8,37.5,27.7
Cam Spencer,8,1,38.8,38.8,38.8,25.0
Cam Spencer,9,2,51.6,40.2,45.9,33.5
Cam Spencer,10,4,39.1,25.5,32.9,30.0
Cam Spencer,11,3,15.8,14.0,15.0,23.3
Cam Spencer,12,4,52.9,28.7,38.3,29.2
Cam Spencer,13,1,34.5,34.5,34.5,27.0
Cedric Coward,1,3,52.8,30.6,39.3,22.7
Cedric Coward,2,4,35.0,19.6,26.4,27.0
Cedric Coward,3,4,47.4,25.5,32.9,29.2
Cedric Coward,4,3,28.5,16.3,22.8,27.0
Cedric Coward,5,3,33.2,7.0,24.1,25.3
Cedric Coward,6,4,29.5,7.3,16.5,30.2
Cedric Coward,7,3,57.3,2.5,26.3,27.3
Cedric Coward,8,1,48.6,48.6,48.6,29.0
Cedric Coward,9,3,30.6,12.3,21.5,27.0
Cedric Coward,10,3,41.6,21.0,31.3,24.3
Cedric Coward,11,3,58.6,21.5,38.2,24.7
Cedric Coward,12,2,36.5,20.8,28.6,26.5
Cedric Coward,13,1,28.4,28.4,28.4,27.0
Chet Holmgren,1,3,60.3,32.0,44.8,34.7
Chet Holmgren,2,1,45.1,45.1,45.1,32.0
Chet Holmgren,3,3,40.8,20.5,30.3,27.0
Chet Holmgren,4,3,52.1,24.8,38.8,25.7
Chet Holmgren,5,4,42.4,23.5,32.3,29.0
Chet Holmgren,6,3,42.5,30.1,37.4,30.3
Chet Holmgren,7,3,49.8,33.3,41.2,25.3
Chet Holmgren,8,2,54.2,24.8,39.5,27.5
Chet Holmgren,9,2,41.4,26.5,34.0,28.0
Chet Holmgren,10,3,51.1,12.8,32.0,29.0
Chet Holmgren,11,4,58.8,44.3,50.2,28.8
Chet Holmgren,12,3,53.0,25.3,41.9,32.7
Chet Holmgren,13,2,56.1,28.0,42.0,27.0
Coby White,4,1,42.9,42.9,42.9,30.0
Coby White,5,2,42.0,23.4,32.7,29.0
Coby White,6,2,34.3,33.4,33.8,32.0
Coby White,7,2,29.8,2.5,16.1,25.5
Coby White,8,2,37.8,22.8,30.3,29.0
Coby White,9,3,41.4,23.9,32.2,30.3
Coby White,10,3,29.8,11.2,23.2,29.7
Coby White,11,1,4.0,4.0,4.0,7.0
Coby White,12,2,34.6,9.3,22.0,27.0
Coby White,13,2,28.6,19.8,24.2,31.5
Collin Murray-Boyles,1,1,-3.0,-3.0,-3.0,13.0
Collin Murray-Boyles,2,4,41.5,11.0,26.8,25.0
Collin Murray-Boyles,3,3,30.8,0.5,14.2,18.3
Collin Murray-Boyles,4,2,19.3,18.0,18.6,18.5
Collin Murray-Boyles,5,2,6.5,4.5,5.5,16.0
Collin Murray-Boyles,6,4,26.0,-0.5,11.1,13.5
Collin Murray-Boyles,7,4,26.6,3.0,15.0,14.2
Collin Murray-Boyles,8,1,18.5,18.5,18.5,22.0
Collin Murray-Boyles,9,4,26.3,14.0,19.2,18.5
Collin Murray-Boyles,10,1,36.3,36.3,36.3,25.0
Collin Murray-Boyles,11,3,28.5,16.5,22.1,25.7
Collin Murray-Boyles,12,4,61.5,20.0,43.9,31.5
Collin Murray-Boyles,13,3,41.5,20.0,31.2,33.3
Cooper Flagg,1,3,41.6,17.0,30.2,32.0
Cooper Flagg,2,3,38.0,4.0,23.9,33.3
Cooper Flagg,3,4,45.8,19.1,30.2,32.5
Cooper Flagg,4,4,54.8,20.5,41.9,38.5
Cooper Flagg,5,3,55.5,20.1,32.1,30.7
Cooper Flagg,6,3,51.8,24.5,41.1,36.0
Cooper Flagg,7,4,45.3,14.0,35.5,32.2
Cooper Flagg,8,1,54.5,54.5,54.5,34.0
Cooper Flagg,9,3,60.8,33.0,49.3,39.7
Cooper Flagg,10,4,74.7,33.3,48.0,36.2
Cooper Flagg,11,3,34.3,30.5,32.1,35.7
Cooper Flagg,12,3,64.9,7.5,39.7,33.7
Cooper Flagg,13,2,59.1,9.5,34.3,25.0
Daniel Gafford,2,1,20.0,20.0,20.0,17.0
Daniel Gafford,3,4,42.0,0.5,25.5,20.2
Daniel Gafford,4,4,47.0,21.0,33.9,27.0
Daniel Gafford,5,3,29.5,24.0,26.2,25.7
Daniel Gafford,6,2,34.5,10.0,22.2,22.5
Daniel Gafford,7,1,7.5,7.5,7.5,14.0
Daniel Gafford,9,3,19.0,14.0,17.0,14.3
Daniel Gafford,10,4,28.5,12.5,17.5,17.2
Daniel Gafford,11,3,44.0,22.5,31.8,18.7
Daniel Gafford,12,3,33.5,6.5,18.8,24.0
Daniel Gafford,13,1,21.0,21.0,21.0,18.0
Darius Garland,3,2,39.2,8.6,23.9,27.0
Darius Garland,4,1,23.8,23.8,23.8,19.0
Darius Garland,5,2,27.9,13.5,20.7,28.0
Darius Garland,6,2,33.8,30.7,32.2,32.0
Darius Garland,7,2,28.8,10.3,19.6,30.5
Darius Garland,8,2,41.9,30.5,36.2,37.0
Darius Garland,9,2,49.8,27.4,38.6,31.5
Darius Garland,10,4,57.5,9.6,30.4,29.8
Darius Garland,11,4,38.8,26.2,31.3,31.0
Darius Garland,12,3,49.3,30.8,40.5,33.0
Darius Garland,13,2,46.5,36.4,41.5,28.5
De'Aaron Fox,3,1,37.1,37.1,37.1,31.0
De'Aaron Fox,4,4,55.2,14.8,37.6,35.2
De'Aaron Fox,5,3,55.1,33.1,42.2,32.3
De'Aaron Fox,6,3,65.9,32.8,45.8,33.0
De'Aaron Fox,7,3,44.1,34.4,40.6,31.0
De'Aaron Fox,8,3,40.9,26.6,34.6,32.7
De'Aaron Fox,9,3,54.0,14.8,32.1,26.7
De'Aaron Fox,10,2,50.9,21.5,36.2,33.5
De'Aaron Fox,11,4,50.8,16.3,38.0,34.2
De'Aaron Fox,12,4,47.8,21.5,28.8,33.5
De'Aaron Fox,13,2,32.1,23.9,28.0,28.5
DeMar DeRozan,1,3,65.3,24.5,41.1,38.0
DeMar DeRozan,2,3,37.0,31.5,33.8,36.3
DeMar DeRozan,3,4,33.4,24.5,29.3,32.5
DeMar DeRozan,4,4,51.3,6.0,27.2,30.8
DeMar DeRozan,5,3,35.5,15.0,28.0,27.0
DeMar DeRozan,6,4,48.0,15.5,33.5,35.0
DeMar DeRozan,7,2,40.3,14.0,27.1,31.5
DeMar DeRozan,8,3,36.3,24.8,31.5,32.0
DeMar DeRozan,9,3,58.3,34.8,48.3,36.7
DeMar DeRozan,10,3,59.5,32.0,41.9,34.7
DeMar DeRozan,11,4,49.8,15.0,26.8,30.5
DeMar DeRozan,12,3,41.3,39.9,40.4,36.3
DeMar DeRozan,13,3,64.0,25.3,44.5,37.0
Deandre Ayton,1,3,49.5,15.0,30.8,33.7
Deandre Ayton,2,3,41.0,9.0,28.7,29.3
Deandre Ayton,3,3,59.0,17.5,42.5,28.0
Deandre Ayton,4,4,58.0,10.5,33.1,30.8
Deandre Ayton,5,2,52.0,9.5,30.8,21.5
Deandre Ayton,6,2,59.0,44.0,51.5,31.5
Deandre Ayton,7,4,49.0,20.0,34.9,29.8
Deandre Ayton,8,2,49.5,28.0,38.8,28.0
Deandre Ayton,10,3,37.5,15.0,29.8,31.0
Deandre Ayton,11,3,40.0,14.0,23.3,28.3
Deandre Ayton,12,3,49.5,7.5,25.3,28.3
Deandre Ayton,13,3,51.0,29.0,38.2,30.0
Deni Avdija,1,3,44.7,25.5,34.9,31.7
Deni Avdija,2,3,45.5,28.6,35.9,33.0
Deni Avdija,3,3,65.4,41.9,53.9,36.7
Deni Avdija,4,4,50.6,29.6,41.7,34.8
Deni Avdija,5,4,70.4,10.8,39.7,32.8
Deni Avdija,6,3,75.5,30.5,53.2,36.0
Deni Avdija,7,4,59.4,42.1,49.7,35.5
Deni Avdija,8,2,43.1,35.3,39.2,32.5
Deni Avdija,9,2,48.8,43.4,46.1,41.0
Deni Avdija,10,4,51.1,35.3,44.6,38.5
Deni Avdija,11,4,67.4,31.8,52.5,37.0
Deni Avdija,12,4,60.2,28.1,44.2,35.5
Derik Queen,1,2,33.0,10.5,21.8,25.0
Derik Queen,2,4,16.5,7.0,11.8,14.0
Derik Queen,3,3,46.0,24.5,33.8,23.0
Derik Queen,4,4,47.5,23.0,32.2,29.2
Derik Queen,5,4,58.8,22.0,42.2,30.0
Derik Queen,6,4,37.0,1.5,23.1,21.0
Derik Queen,7,3,42.0,28.0,32.8,31.3
Derik Queen,8,3,75.0,19.0,47.5,31.0
Derik Queen,9,2,47.3,40.0,43.6,31.0
Derik Queen,10,4,50.0,12.5,36.2,26.5
Derik Queen,11,3,44.5,24.0,32.0,28.0
Derik Queen,12,4,60.0,29.5,41.2,28.5
Derik Queen,13,3,37.5,20.0,30.8,24.3
Derrick White,1,3,40.9,21.9,33.8,35.0
Derrick White,2,4,29.6,11.3,23.0,30.0
Derrick White,3,4,47.3,33.4,41.3,33.8
Derrick White,4,3,52.7,35.7,43.6,33.3
Derrick White,5,3,49.1,6.8,29.4,34.0
Derrick White,6,2,54.3,27.1,40.7,35.0
Derrick White,7,4,62.0,33.2,43.8,32.8
Derrick White,8,1,6.6,6.6,6.6,29.0
Derrick White,9,3,67.2,26.7,45.5,36.7
Derrick White,10,3,42.4,32.4,36.5,35.0
Derrick White,11,3,69.1,45.1,55.6,36.0
Derrick White,12,4,56.0,31.9,40.3,37.8
Derrick White,13,2,24.0,19.6,21.8,36.0
Desmond Bane,1,3,29.9,24.5,26.4,32.3
Desmond Bane,2,4,34.1,14.8,21.6,28.2
Desmond Bane,3,3,52.6,11.1,29.7,31.3
Desmond Bane,4,4,40.9,21.4,33.7,37.8
Desmond Bane,5,4,49.6,30.3,37.9,32.8
Desmond Bane,6,2,58.0,29.3,43.6,34.0
Desmond Bane,7,4,62.9,-1.7,30.7,34.8
Desmond Bane,8,2,62.8,35.6,49.2,37.5
Desmond Bane,9,2,46.9,24.0,35.5,37.5
Desmond Bane,10,4,47.2,27.0,36.1,35.0
Desmond Bane,11,4,64.9,30.3,40.0,34.5
Desmond Bane,12,4,42.8,11.8,26.6,33.0
Desmond Bane,13,1,26.3,26.3,26.3,34.0
Devin Booker,1,3,36.1,30.8,32.9,33.7
Devin Booker,2,4,67.8,38.2,54.1,38.5
Devin Booker,3,3,48.9,41.0,45.2,38.0
Devin Booker,4,4,55.4,25.0,39.0,33.0
Devin Booker,5,3,44.3,13.8,34.1,34.0
Devin Booker,6,4,43.0,24.1,34.0,37.8
Devin Booker,7,1,19.3,19.3,19.3,10.0
Devin Booker,8,1,48.0,48.0,48.0,31.0
Devin Booker,9,2,58.1,27.6,42.9,33.5
Devin Booker,10,3,50.8,16.4,36.7,32.3
Devin Booker,11,4,48.6,31.3,41.6,33.5
Devin Booker,12,4,47.7,22.6,32.7,32.2
Devin Booker,13,1,43.8,43.8,43.8,40.0
Domantas Sabonis,1,2,41.3,30.0,35.6,34.0
Domantas Sabonis,2,3,53.5,34.0,44.8,34.7
Domantas Sabonis,3,2,46.5,33.5,40.0,33.5
Domantas Sabonis,4,4,56.8,20.5,41.8,31.8
Domantas Sabonis,13,1,32.0,32.0,32.0,21.0
Donovan Clingan,1,3,35.3,27.6,32.4,25.3
Donovan Clingan,2,3,50.0,25.5,36.0,26.0
Donovan Clingan,3,3,38.8,10.0,25.0,21.3
Donovan Clingan,4,4,44.1,12.5,25.1,27.0
Donovan Clingan,5,4,67.8,23.6,46.4,26.0
Donovan Clingan,6,2,44.1,27.5,35.8,26.5
Donovan Clingan,7,2,27.5,22.5,25.0,23.0
Donovan Clingan,8,1,32.0,32.0,32.0,22.0
Donovan Clingan,9,2,43.3,38.6,41.0,32.5
Donovan Clingan,10,4,48.3,28.9,40.0,31.8
Donovan Clingan,11,4,53.9,9.8,36.1,27.5
Donovan Clingan,12,4,44.5,26.0,36.9,31.8
Donovan Clingan,13,2,21.0,17.8,19.4,25.0
Donovan Mitchell,1,3,54.8,24.8,42.1,34.7
Donovan Mitchell,2,3,58.4,27.5,41.3,32.3
Donovan Mitchell,3,3,78.8,46.5,58.3,32.0
Donovan Mitchell,4,3,59.4,41.6,47.9,36.7
Donovan Mitchell,5,4,67.5,27.4,51.3,34.2
Donovan Mitchell,6,3,52.6,26.4,40.1,36.0
Donovan Mitchell,7,4,67.7,38.1,48.9,34.2
Donovan Mitchell,8,2,68.4,26.3,47.4,36.5
Donovan Mitchell,9,1,37.7,37.7,37.7,33.0
Donovan Mitchell,10,4,66.7,36.1,47.5,30.5
Donovan Mitchell,11,4,65.2,24.6,47.0,33.2
Donovan Mitchell,12,2,51.1,46.7,48.9,34.0
Donovan Mitchell,13,3,66.0,29.7,44.1,35.3
Donte DiVincenzo,1,3,26.9,17.3,22.7,28.7
Donte DiVincenzo,2,3,32.0,22.4,28.4,31.7
Donte DiVincenzo,3,4,51.3,18.3,32.7,28.8
Donte DiVincenzo,4,3,39.5,13.8,24.7,33.7
Donte DiVincenzo,5,3,31.7,21.6,27.6,31.3
Donte DiVincenzo,6,4,37.7,20.1,29.0,32.8
Donte DiVincenzo,7,3,33.5,20.3,27.7,31.7
Donte DiVincenzo,8,3,50.9,8.0,33.0,32.0
Donte DiVincenzo,9,3,47.7,18.2,34.5,34.3
Donte DiVincenzo,10,3,36.4,29.9,34.1,32.7
Donte DiVincenzo,11,4,33.3,18.3,24.6,26.8
Donte DiVincenzo,12,4,54.0,26.7,37.9,34.5
Donte DiVincenzo,13,2,29.9,26.6,28.2,35.0
Dyson Daniels,1,3,29.5,12.5,19.1,27.3
Dyson Daniels,2,4,53.5,17.5,36.0,35.8
Dyson Daniels,3,3,49.0,34.3,42.9,35.3
Dyson Daniels,4,4,50.5,14.0,29.0,32.5
Dyson Daniels,5,4,52.8,25.0,39.8,34.0
Dyson Daniels,6,3,45.0,31.8,40.4,37.7
Dyson Daniels,7,4,35.8,15.0,26.4,35.5
Dyson Daniels,8,2,58.3,43.0,50.6,36.5
Dyson Daniels,9,3,38.5,19.0,28.3,32.3
Dyson Daniels,10,2,44.0,25.0,34.5,37.5
Dyson Daniels,11,4,66.5,38.0,48.6,33.8
Dyson Daniels,12,4,65.5,16.0,42.2,35.2
Dyson Daniels,13,2,38.0,21.5,29.8,33.0
Evan Mobley,1,3,55.3,31.3,42.9,34.7
Evan Mobley,2,4,55.6,37.3,45.2,33.8
Evan Mobley,3,3,49.3,38.0,41.9,32.0
Evan Mobley,4,3,49.4,22.8,38.0,36.3
Evan Mobley,5,4,53.3,16.0,35.1,35.2
Evan Mobley,6,3,60.9,28.1,49.6,34.7
Evan Mobley,7,4,67.9,34.5,45.9,32.5
Evan Mobley,8,1,50.1,50.1,50.1,36.0
Evan Mobley,10,2,33.5,9.0,21.2,22.5
Evan Mobley,11,4,58.0,37.5,44.4,30.8
Evan Mobley,12,3,44.0,32.9,40.0,35.3
Evan Mobley,13,3,61.8,36.8,52.5,34.7
Franz Wagner,1,3,43.6,27.5,36.2,35.0
Franz Wagner,2,4,50.6,32.4,39.7,33.5
Franz Wagner,3,3,45.6,18.5,32.6,36.0
Franz Wagner,4,4,55.1,33.9,44.5,38.2
Franz Wagner,5,4,66.2,30.0,41.0,32.0
Franz Wagner,6,2,36.8,36.5,36.6,31.5
Franz Wagner,7,4,52.3,18.8,39.5,27.2
Franz Wagner,13,1,23.4,23.4,23.4,27.0
Giannis Antetokounmpo,1,3,91.3,67.3,77.4,32.7
Giannis Antetokounmpo,2,2,72.0,60.8,66.4,32.5
Giannis Antetokounmpo,3,4,83.8,43.0,60.4,32.2
Giannis Antetokounmpo,4,3,72.5,48.3,58.7,36.3
Giannis Antetokounmpo,5,1,25.5,25.5,25.5,13.0
Giannis Antetokounmpo,6,2,67.5,52.3,59.9,23.5
Giannis Antetokounmpo,7,2,38.5,5.5,22.0,17.5
Giannis Antetokounmpo,10,1,48.3,48.3,48.3,25.0
Giannis Antetokounmpo,11,4,56.5,47.0,51.8,28.8
Giannis Antetokounmpo,12,3,69.3,50.0,59.3,31.7
Giannis Antetokounmpo,13,2,34.0,29.8,31.9,26.5
Grayson Allen,1,3,37.5,26.4,33.1,32.7
Grayson Allen,2,4,41.1,15.1,26.9,36.0
Grayson Allen,3,3,40.7,18.2,32.0,34.0
Grayson Allen,4,3,69.0,23.8,45.5,24.3
Grayson Allen,6,1,21.1,21.1,21.1,26.0
Grayson Allen,7,1,3.3,3.3,3.3,26.0
Grayson Allen,8,3,32.3,18.1,23.1,30.0
Grayson Allen,12,4,29.7,11.5,19.6,23.2
Grayson Allen,13,2,44.6,35.8,40.2,29.0
Immanuel Quickley,1,3,41.8,29.0,33.5,32.7
Immanuel Quickley,2,4,43.1,14.5,25.2,30.5
Immanuel Quickley,3,3,41.5,34.6,39.2,32.0
Immanuel Quickley,4,3,52.9,27.1,41.0,31.0
Immanuel Quickley,5,4,44.7,30.4,39.5,32.2
Immanuel Quickley,6,4,39.4,28.8,32.7,35.0
Immanuel Quickley,7,4,50.0,22.1,35.1,32.2
Immanuel Quickley,9,4,37.4,17.3,27.9,31.8
Immanuel Quickley,10,3,48.2,36.8,41.8,35.3
Immanuel Quickley,11,3,30.7,11.5,24.3,30.7
Immanuel Quickley,12,4,44.2,19.4,32.9,34.8
Immanuel Quickley,13,1,26.6,26.6,26.6,32.0
Isaiah Hartenstein,1,3,35.0,24.0,30.0,34.3
Isaiah Hartenstein,2,4,57.0,36.0,43.5,28.2
Isaiah Hartenstein,3,4,85.5,31.5,49.2,29.0
Isaiah Hartenstein,4,3,41.0,22.5,29.5,23.3
Isaiah Hartenstein,5,4,52.5,32.0,38.1,25.0
Isaiah Hartenstein,6,1,34.5,34.5,34.5,28.0
Isaiah Hartenstein,8,1,26.5,26.5,26.5,20.0
Isaiah Hartenstein,9,1,12.0,12.0,12.0,28.0
Isaiah Hartenstein,10,3,40.0,15.5,25.5,23.3
Ivica Zubac,1,3,47.0,17.5,34.7,29.0
Ivica Zubac,2,2,44.5,33.0,38.8,29.0
Ivica Zubac,3,4,52.5,20.5,39.9,30.2
Ivica Zubac,4,4,48.5,34.0,41.5,35.5
Ivica Zubac,5,4,72.0,38.5,50.1,32.2
Ivica Zubac,6,3,49.5,36.0,40.5,38.0
Ivica Zubac,7,4,46.5,22.0,35.1,34.2
Ivica Zubac,8,1,60.5,60.5,60.5,35.0
Ivica Zubac,9,3,33.5,9.0,22.3,25.3
Ivica Zubac,11,1,17.5,17.5,17.5,21.0
Ivica Zubac,12,4,54.5,13.0,31.8,30.2
Ivica Zubac,13,2,40.0,30.5,35.2,33.0
Ja Morant,1,3,50.1,13.0,33.9,26.0
Ja Morant,2,3,49.9,16.5,34.0,31.3
Ja Morant,3,4,43.5,16.1,29.7,33.8
Ja Morant,4,2,19.1,11.5,15.3,20.0
Ja Morant,8,1,34.6,34.6,34.6,25.0
Ja Morant,9,1,24.8,24.8,24.8,21.0
Ja Morant,10,2,38.0,29.9,34.0,26.0
Ja Morant,11,2,56.0,37.5,46.8,32.5
Jaden McDaniels,1,3,35.4,14.0,23.4,30.3
Jaden McDaniels,2,3,45.4,28.6,39.3,36.0
Jaden McDaniels,3,4,49.4,17.9,38.6,28.5
Jaden McDaniels,4,3,38.3,20.0,30.9,33.0
Jaden McDaniels,5,2,33.4,32.5,33.0,31.5
Jaden McDaniels,6,4,27.3,16.0,20.9,31.5
Jaden McDaniels,7,3,44.4,37.9,40.9,35.0
Jaden McDaniels,8,3,31.8,14.0,24.7,37.7
Jaden McDaniels,9,3,36.8,-0.5,16.9,27.7
Jaden McDaniels,10,2,41.3,29.8,35.5,36.5
Jaden McDaniels,11,4,38.5,17.8,24.3,25.2
Jaden McDaniels,12,4,45.4,13.5,31.8,33.8
Jaden McDaniels,13,2,43.2,38.8,41.0,32.5
Jakob Poeltl,1,3,31.0,14.5,23.2,22.7
Jakob Poeltl,2,1,-2.0,-2.0,-2.0,24.0
Jakob Poeltl,3,2,34.0,23.5,28.8,22.5
Jakob Poeltl,4,3,46.5,40.5,43.0,28.3
Jakob Poeltl,5,3,45.0,19.5,31.7,28.0
Jakob Poeltl,6,3,47.5,31.5,37.2,30.7
Jakob Poeltl,7,3,28.5,15.0,20.7,24.7
Jakob Poeltl,8,1,34.5,34.5,34.5,25.0
Jakob Poeltl,9,2,21.0,4.0,12.5,18.0
Jalen Brunson,1,3,65.0,26.3,44.9,34.7
Jalen Brunson,2,3,51.3,38.9,45.3,34.0
Jalen Brunson,3,3,47.4,23.9,33.7,31.3
Jalen Brunson,4,2,52.3,37.8,45.0,36.5
Jalen Brunson,5,2,59.4,44.1,51.8,36.0
Jalen Brunson,6,4,48.7,30.3,39.1,35.0
Jalen Brunson,7,4,46.8,27.3,40.2,36.2
Jalen Brunson,8,2,64.6,51.3,57.9,39.0
Jalen Brunson,9,3,74.3,40.3,54.7,36.3
Jalen Brunson,10,2,44.7,38.3,41.5,38.5
Jalen Brunson,11,4,51.5,33.3,41.9,35.5
Jalen Brunson,12,4,51.9,17.1,38.4,34.2
Jalen Brunson,13,1,3.0,3.0,3.0,5.0
Jalen Duren,1,3,50.0,21.0,35.0,20.0
Jalen Duren,2,3,67.0,22.5,42.3,27.7
Jalen Duren,3,4,67.0,34.5,54.8,34.0
Jalen Duren,4,1,40.0,40.0,40.0,40.0
Jalen Duren,5,3,64.5,33.0,48.5,28.3
Jalen Duren,6,3,45.0,28.0,35.0,30.3
Jalen Duren,7,4,46.0,19.0,31.4,29.5
Jalen Duren,8,1,34.5,34.5,34.5,24.0
Jalen Duren,9,3,41.5,20.5,33.2,29.3
Jalen Duren,10,4,59.0,12.0,43.6,27.2
Jalen Duren,11,2,37.0,20.5,28.8,23.0
Jalen Duren,13,1,53.0,53.0,53.0,28.0
Jalen Green,3,2,41.3,4.5,22.9,15.0
Jalen Johnson,1,2,47.5,23.0,35.2,30.5
Jalen Johnson,2,4,66.5,46.8,53.3,32.2
Jalen Johnson,3,2,33.3,33.1,33.2,33.0
Jalen Johnson,4,4,94.2,49.0,64.8,34.8
Jalen Johnson,5,4,64.6,46.1,56.3,37.8
Jalen Johnson,6,3,68.9,24.5,53.2,38.0
Jalen Johnson,7,3,81.3,55.7,70.9,38.3
Jalen Johnson,8,2,49.8,47.0,48.4,34.5
Jalen Johnson,9,3,82.7,35.8,62.9,35.3
Jalen Johnson,10,3,56.8,53.8,55.1,38.0
Jalen Johnson,11,3,72.9,47.7,57.3,35.7
Jalen Johnson,12,4,63.0,30.0,47.5,35.2
Jalen Johnson,13,2,27.5,25.8,26.6,34.0
Jalen Williams,6,2,41.0,34.3,37.6,31.5
Jalen Williams,7,3,54.8,37.3,44.2,27.3
Jalen Williams,8,2,37.1,31.8,34.5,28.0
Jalen Williams,9,2,38.1,28.1,33.1,30.5
Jalen Williams,10,4,40.3,25.3,32.2,31.8
Jalen Williams,11,4,44.0,22.0,37.0,28.5
Jalen Williams,12,4,53.5,25.3,37.3,33.5
Jalen Williams,13,2,29.5,29.0,29.2,30.5
Jamal Murray,1,2,54.8,40.9,47.8,36.0
Jamal Murray,2,3,58.5,29.9,42.6,32.0
Jamal Murray,3,3,53.5,30.3,39.1,32.3
Jamal Murray,4,3,47.3,30.8,38.6,36.3
Jamal Murray,5,4,61.0,21.6,45.4,38.0
Jamal Murray,6,3,62.5,29.0,46.9,36.7
Jamal Murray,7,4,88.0,29.6,57.4,33.8
Jamal Murray,8,1,31.8,31.8,31.8,26.0
Jamal Murray,9,3,44.4,32.9,40.1,38.0
Jamal Murray,10,4,70.4,31.1,49.0,35.8
Jamal Murray,11,4,61.3,40.1,51.0,38.0
Jamal Murray,12,1,66.9,66.9,66.9,37.0
Jamal Murray,13,2,65.5,42.6,54.0,37.5
James Harden,1,3,55.0,33.6,46.1,31.7
James Harden,2,2,54.7,25.3,40.0,35.5
James Harden,3,3,47.3,25.6,38.8,36.7
James Harden,4,4,89.8,38.3,63.5,39.5
James Harden,5,4,83.5,24.0,48.8,33.8
James Harden,6,3,48.4,43.6,46.2,38.0
James Harden,7,4,60.8,7.3,38.6,33.0
James Harden,8,1,37.7,37.7,37.7,40.0
James Harden,9,2,39.2,28.7,34.0,36.0
James Harden,10,3,45.9,33.9,41.6,38.0
James Harden,11,3,44.8,30.8,36.8,31.0
James Harden,12,3,53.9,29.8,40.8,36.7
James Harden,13,3,61.9,35.1,47.2,39.0
Jarrett Allen,1,3,47.5,12.0,29.0,28.0
Jarrett Allen,2,2,32.5,32.0,32.2,25.0
Jarrett Allen,3,3,64.0,21.5,44.8,27.0
Jarrett Allen,4,4,50.0,20.0,31.4,23.8
Jarrett Allen,5,2,25.0,24.5,24.8,26.5
Jarrett Allen,6,1,21.0,21.0,21.0,28.0
Jarrett Allen,8,1,9.5,9.5,9.5,23.0
Jarrett Allen,9,2,52.0,39.0,45.5,29.0
Jarrett Allen,10,4,33.8,20.0,27.6,21.8
Jarrett Allen,11,3,43.0,35.0,38.2,28.3
Jarrett Allen,12,3,47.5,34.0,42.8,30.7
Jarrett Allen,13,3,23.5,18.0,20.7,30.3
Jaylen Brown,1,3,48.5,25.9,37.3,35.3
Jaylen Brown,2,4,52.7,16.0,36.8,27.5
Jaylen Brown,3,4,57.1,29.8,44.7,33.5
Jaylen Brown,4,3,57.8,35.6,43.2,33.0
Jaylen Brown,5,3,58.6,27.9,43.6,33.7
Jaylen Brown,6,3,76.5,40.3,56.1,37.0
Jaylen Brown,7,3,59.6,51.9,54.5,37.7
Jaylen Brown,8,1,35.1,35.1,35.1,29.0
Jaylen Brown,9,2,58.3,50.1,54.2,37.5
Jaylen Brown,10,3,53.1,46.1,49.8,34.0
Jaylen Brown,11,3,73.3,38.3,54.3,34.7
Jaylen Brown,12,4,39.3,15.3,33.0,37.2
Jaylen Brown,13,1,22.1,22.1,22.1,30.0
Jimmy Butler,1,3,47.8,24.5,39.1,33.7
Jimmy Butler,2,4,51.0,30.1,41.7,33.5
Jimmy Butler,3,3,57.5,7.0,31.0,25.0
Jimmy Butler,4,4,62.5,28.5,43.2,30.5
Jimmy Butler,5,2,56.5,45.0,50.8,36.0
Jimmy Butler,6,3,48.0,46.1,47.0,33.0
Jimmy Butler,7,2,42.6,9.8,26.2,22.0
Jimmy Butler,8,2,38.0,31.5,34.8,36.0
Jimmy Butler,9,2,44.8,31.1,38.0,34.5
Jimmy Butler,10,3,39.8,28.0,35.5,33.3
Jimmy Butler,11,3,37.5,35.8,36.6,32.0
Jimmy Butler,12,4,56.1,29.8,41.0,30.5
Jimmy Butler,13,2,62.3,38.3,50.3,29.0
Joel Embiid,1,2,30.9,13.0,21.9,20.0
Joel Embiid,2,2,42.4,32.3,37.3,24.0
Joel Embiid,3,2,48.3,40.3,44.3,26.0
Joel Embiid,6,1,26.0,26.0,26.0,30.0
Joel Embiid,7,2,23.5,21.0,22.2,27.5
Joel Embiid,8,2,52.1,43.3,47.7,31.0
Joel Embiid,10,2,45.3,41.1,43.2,31.5
Joel Embiid,11,3,59.3,38.0,47.1,35.3
Joel Embiid,12,3,49.8,35.5,43.9,32.0
Joel Embiid,13,3,45.1,26.6,37.3,31.3
John Collins,1,3,31.3,25.0,29.0,26.0
John Collins,2,2,20.8,14.5,17.6,21.0
John Collins,3,4,36.6,13.1,21.7,25.2
John Collins,4,4,23.3,6.0,15.2,26.5
John Collins,5,4,21.8,10.5,16.9,27.0
John Collins,6,3,44.3,17.5,30.8,34.3
John Collins,7,4,36.5,18.6,23.9,28.0
John Collins,8,1,14.0,14.0,14.0,24.0
John Collins,9,3,49.6,14.0,31.0,28.7
John Collins,10,2,45.4,12.1,28.8,24.0
John Collins,11,3,41.1,32.5,35.8,23.7
John Collins,12,4,61.0,32.9,42.1,33.8
John Collins,13,1,8.8,8.8,8.8,30.0
Jordan Miller,4,3,35.5,0.0,14.5,16.0
Jordan Miller,7,1,9.5,9.5,9.5,6.0
Jordan Miller,9,3,20.3,0.0,9.8,14.7
Jordan Miller,10,3,12.5,6.5,9.9,11.7
Jordan Miller,11,3,12.5,1.0,5.2,4.7
Jordan Miller,12,4,34.4,7.8,19.2,23.0
Jordan Miller,13,3,49.9,21.1,37.0,35.7
Josh Giddey,1,2,34.8,33.6,34.2,30.5
Josh Giddey,2,4,70.2,44.3,56.1,35.0
Josh Giddey,3,3,70.1,37.5,51.2,35.0
Josh Giddey,4,1,69.1,69.1,69.1,42.0
Josh Giddey,5,4,64.6,36.1,48.6,31.5
Josh Giddey,6,3,62.4,33.7,45.4,34.0
Josh Giddey,7,4,64.5,19.8,39.5,35.0
Josh Giddey,8,2,59.1,21.8,40.5,29.0
Josh Giddey,9,3,65.0,38.9,54.0,32.0
Josh Giddey,10,3,55.1,29.3,38.7,31.7
Josh Giddey,11,1,17.3,17.3,17.3,18.0
Josh Hart,1,2,23.0,17.5,20.2,24.0
Josh Hart,2,3,30.8,0.5,15.9,22.3
Josh Hart,3,3,38.6,29.8,34.4,24.7
Josh Hart,4,3,47.8,16.8,32.0,27.3
Josh Hart,5,3,44.9,20.8,34.1,31.0
Josh Hart,6,4,58.2,46.3,54.3,36.8
Josh Hart,7,4,47.9,28.0,39.5,33.8
Josh Hart,8,2,44.2,39.0,41.6,33.5
Josh Hart,9,2,44.9,26.3,35.6,33.5
Josh Hart,10,2,40.8,28.1,34.5,34.0
Josh Hart,12,1,34.4,34.4,34.4,31.0
Josh Hart,13,2,26.1,24.5,25.3,34.5
Jrue Holiday,1,3,39.9,32.3,35.8,31.7
Jrue Holiday,2,3,54.7,38.1,48.7,32.3
Jrue Holiday,3,3,56.4,20.5,36.2,35.3
Jrue Holiday,4,3,41.9,32.9,37.9,34.0
Jrue Holiday,12,1,17.6,17.6,17.6,16.0
Jrue Holiday,13,2,31.3,19.6,25.5,21.0
Julius Randle,1,3,50.4,47.7,48.8,35.3
Julius Randle,2,3,53.4,45.8,49.6,34.3
Julius Randle,3,4,53.5,37.3,46.9,31.0
Julius Randle,4,3,55.3,51.1,53.6,34.7
Julius Randle,5,3,56.3,20.3,32.6,31.3
Julius Randle,6,4,59.6,24.6,36.5,35.0
Julius Randle,7,3,40.1,29.5,34.1,34.3
Julius Randle,8,3,47.6,37.1,43.6,35.7
Julius Randle,9,3,30.8,24.3,27.2,33.0
Julius Randle,10,3,64.1,35.8,45.6,35.3
Julius Randle,11,4,55.5,34.4,43.1,30.8
Julius Randle,12,4,51.4,26.0,37.9,32.0
Julius Randle,13,2,58.2,43.6,50.9,35.0
Justin Champagnie,1,2,7.5,3.5,5.5,6.0
Justin Champagnie,2,3,5.5,0.0,2.0,3.0
Justin Champagnie,3,4,26.5,6.5,17.3,16.8
Justin Champagnie,4,3,3.0,-2.0,0.5,4.3
Justin Champagnie,5,2,25.5,19.5,22.5,20.5
Justin Champagnie,6,2,20.5,5.0,12.8,14.0
Justin Champagnie,7,4,44.1,22.5,31.7,22.5
Justin Champagnie,8,2,42.3,16.8,29.5,25.5
Justin Champagnie,9,3,26.8,8.5,17.9,21.0
Justin Champagnie,10,3,31.1,26.5,28.7,22.0
Justin Champagnie,11,4,41.8,20.0,30.3,25.8
Justin Champagnie,12,4,36.7,18.0,26.7,22.5
Justin Champagnie,13,2,32.8,21.3,27.0,27.0
Jusuf Nurkić,1,2,23.0,22.5,22.8,17.5
Jusuf Nurkić,2,4,27.5,15.3,20.1,18.2
Jusuf Nurkić,3,3,46.5,17.0,31.0,27.7
Jusuf Nurkić,4,4,46.3,18.3,34.0,30.5
Jusuf Nurkić,5,3,34.0,23.0,30.1,27.3
Jusuf Nurkić,6,3,47.6,24.5,39.2,23.3
Jusuf Nurkić,7,3,30.5,10.0,19.2,21.0
Jusuf Nurkić,8,1,57.5,57.5,57.5,28.0
Jusuf Nurkić,9,2,29.3,26.0,27.6,26.5
Jusuf Nurkić,10,3,48.8,31.1,42.2,31.0
Jusuf Nurkić,11,1,56.6,56.6,56.6,34.0
Jusuf Nurkić,12,2,59.6,48.5,54.0,32.0
Jusuf Nurkić,13,1,54.8,54.8,54.8,30.0
Karl-Anthony Towns,1,3,46.6,30.8,40.0,33.3
Karl-Anthony Towns,2,3,56.1,20.0,39.5,34.3
Karl-Anthony Towns,3,3,62.4,35.3,50.9,29.7
Karl-Anthony Towns,4,3,66.3,37.3,53.3,35.0
Karl-Anthony Towns,5,3,43.3,31.6,37.9,35.0
Karl-Anthony Towns,6,4,76.9,26.3,41.4,33.0
Karl-Anthony Towns,7,3,78.9,40.7,54.6,31.3
Karl-Anthony Towns,8,2,57.6,43.3,50.5,34.0
Karl-Anthony Towns,9,2,31.8,10.0,20.9,32.0
Karl-Anthony Towns,10,3,58.4,32.0,49.3,30.7
Karl-Anthony Towns,11,3,45.0,36.1,41.6,32.3
Karl-Anthony Towns,12,4,49.1,-4.2,30.0,28.8
Karl-Anthony Towns,13,2,52.6,25.0,38.8,32.0
Kawhi Leonard,1,3,57.2,19.3,41.1,32.3
Kawhi Leonard,2,2,73.0,27.3,50.1,33.5
Kawhi Leonard,3,1,54.6,54.6,54.6,37.0
Kawhi Leonard,5,1,29.4,29.4,29.4,26.0
Kawhi Leonard,6,3,51.4,27.8,41.4,28.7
Kawhi Leonard,7,4,60.4,28.1,41.9,32.8
Kawhi Leonard,8,1,58.4,58.4,58.4,41.0
Kawhi Leonard,9,3,58.2,32.3,44.8,37.0
Kawhi Leonard,10,3,105.0,50.6,75.3,39.0
Kawhi Leonard,11,3,71.3,38.1,57.8,35.3
Kawhi Leonard,12,4,55.7,40.4,47.3,33.2
Kawhi Leonard,13,2,53.6,50.0,51.8,30.5
Keegan Murray,5,2,38.4,12.8,25.6,35.0
Keegan Murray,6,4,58.9,37.0,49.7,40.8
Keegan Murray,7,2,33.6,19.8,26.7,34.5
Keegan Murray,8,3,35.3,19.8,26.8,34.7
Keegan Murray,9,3,38.8,19.0,31.9,43.3
Keegan Murray,10,1,12.5,12.5,12.5,20.0
Keegan Murray,11,4,42.4,14.3,23.6,32.0
Kevin Durant,1,2,54.4,35.5,45.0,42.0
Kevin Durant,2,3,46.7,29.0,39.8,30.7
Kevin Durant,3,4,49.1,14.8,30.0,36.5
Kevin Durant,4,3,50.1,40.1,45.5,37.3
Kevin Durant,5,2,28.3,15.8,22.1,36.0
Kevin Durant,6,1,60.4,60.4,60.4,30.0
Kevin Durant,7,4,54.6,34.8,44.6,33.8
Kevin Durant,8,1,10.4,10.4,10.4,37.0
Kevin Durant,9,4,59.7,45.9,52.8,43.8
Kevin Durant,10,3,53.2,32.8,44.9,30.3
Kevin Durant,11,3,62.1,41.1,51.6,36.3
Kevin Durant,12,4,61.2,40.2,47.4,38.2
Kevin Durant,13,3,60.8,34.5,46.9,39.0
Keyonte George,1,2,36.3,31.3,33.8,32.0
Keyonte George,2,4,47.1,37.3,40.9,35.2
Keyonte George,3,3,48.1,23.3,32.3,33.0
Keyonte George,4,4,45.9,19.5,36.5,36.0
Keyonte George,5,3,58.5,34.8,46.0,34.7
Keyonte George,6,3,54.2,-13.5,29.5,31.0
Keyonte George,7,4,51.7,8.0,30.4,31.0
Keyonte George,8,1,69.5,69.5,69.5,34.0
Keyonte George,9,3,54.0,43.6,49.4,40.7
Keyonte George,10,4,66.0,34.2,46.8,34.5
Keyonte George,11,2,59.8,28.2,44.0,37.5
Keyonte George,12,4,49.8,10.0,31.8,34.0
Keyonte George,13,3,53.7,23.8,39.3,32.3
Kon Knueppel,1,3,34.5,13.4,22.4,30.0
Kon Knueppel,2,4,48.2,1.8,23.6,30.0
Kon Knueppel,3,2,46.5,36.9,41.7,36.0
Kon Knueppel,4,4,51.7,12.6,33.2,35.0
Kon Knueppel,5,4,53.5,36.3,44.4,36.5
Kon Knueppel,6,3,40.2,3.0,22.8,33.0
Kon Knueppel,7,4,41.0,17.3,27.3,33.5
Kon Knueppel,8,2,59.0,46.9,53.0,40.0
Kon Knueppel,9,2,55.3,30.7,43.0,34.5
Kon Knueppel,10,3,24.0,22.0,22.9,24.7
Kon Knueppel,11,3,45.7,17.1,31.9,33.0
Kon Knueppel,12,4,37.6,21.9,33.3,27.0
Kon Knueppel,13,2,42.4,33.5,38.0,34.0
Kristaps Porziņģis,1,1,35.7,35.7,35.7,26.0
Kristaps Porziņģis,2,4,41.6,25.3,36.0,25.5
Kristaps Porziņģis,3,2,37.8,27.0,32.4,28.0
Kristaps Porziņģis,4,2,39.8,32.6,36.2,24.5
Kristaps Porziņģis,5,2,62.1,34.1,48.1,31.0
Kristaps Porziņģis,6,1,36.6,36.6,36.6,22.0
Kristaps Porziņģis,7,1,42.2,42.2,42.2,20.0
Kristaps Porziņģis,11,2,17.6,16.0,16.8,17.0
Kristaps Porziņģis,12,2,22.7,4.8,13.8,21.0
Kyshawn George,1,3,72.6,21.0,45.7,30.7
Kyshawn George,2,3,52.7,22.8,34.6,31.7
Kyshawn George,3,3,32.4,7.0,18.3,29.0
Kyshawn George,4,3,45.1,28.3,38.6,32.3
Kyshawn George,5,3,49.3,10.8,34.6,34.0
Kyshawn George,6,1,11.8,11.8,11.8,27.0
Kyshawn George,7,4,41.9,19.4,28.3,32.0
Kyshawn George,8,2,32.6,26.9,29.8,31.0
Kyshawn George,9,3,55.4,34.0,43.1,36.0
Kyshawn George,10,2,39.9,4.0,21.9,29.5
Kyshawn George,12,2,23.4,4.3,13.8,25.0
Kyshawn George,13,2,44.1,36.0,40.0,28.0
LaMelo Ball,1,3,88.0,30.2,59.5,34.3
LaMelo Ball,2,3,50.8,37.1,41.7,32.3
LaMelo Ball,4,1,31.1,31.1,31.1,27.0
LaMelo Ball,5,3,33.8,30.1,32.1,26.7
LaMelo Ball,6,3,37.4,17.6,24.8,26.0
LaMelo Ball,7,3,56.5,18.0,39.9,26.0
LaMelo Ball,9,2,57.4,18.1,37.8,26.0
LaMelo Ball,10,3,48.2,26.7,39.2,26.0
LaMelo Ball,11,4,50.6,30.8,39.2,27.8
LaMelo Ball,12,4,58.6,16.2,33.4,25.0
LaMelo Ball,13,2,62.7,44.4,53.5,30.5
Lauri Markkanen,1,2,41.2,40.2,40.7,34.5
Lauri Markkanen,2,4,76.8,36.2,53.6,37.8
Lauri Markkanen,3,3,27.9,21.0,25.3,32.7
Lauri Markkanen,4,4,69.3,37.2,54.5,38.0
Lauri Markkanen,5,3,50.4,36.1,41.7,34.3
Lauri Markkanen,6,3,36.1,22.3,28.9,34.0
Lauri Markkanen,7,3,46.6,33.1,41.1,32.7
Lauri Markkanen,8,1,34.4,34.4,34.4,36.0
Lauri Markkanen,9,1,77.3,77.3,77.3,40.0
Lauri Markkanen,10,3,56.0,35.6,44.6,36.0
Lauri Markkanen,11,2,46.6,45.1,45.9,39.5
Lauri Markkanen,12,3,51.1,37.9,45.8,38.7
Lauri Markkanen,13,1,51.9,51.9,51.9,36.0
LeBron James,5,2,39.1,38.0,38.5,32.0
LeBron James,6,2,48.6,28.1,38.4,33.0
LeBron James,7,3,60.7,5.3,32.0,33.7
LeBron James,8,2,59.5,28.8,44.1,36.0
LeBron James,9,2,55.5,51.9,53.7,35.5
LeBron James,10,3,49.8,33.9,39.3,29.0
LeBron James,11,3,58.1,19.9,44.3,35.0
LeBron James,12,2,66.9,60.1,63.5,33.0
LeBron James,13,3,66.1,30.0,51.5,33.0
Luka Dončić,1,2,87.6,80.0,83.8,38.0
Luka Dončić,2,2,64.8,59.8,62.3,38.5
Luka Dončić,3,2,75.7,40.7,58.2,34.5
Luka Dončić,4,4,69.0,32.8,54.4,37.2
Luka Dončić,5,2,58.1,57.4,57.8,37.0
Luka Dončić,6,3,82.6,62.7,69.5,37.7
Luka Dončić,7,2,64.1,51.4,57.8,35.5
Luka Dončić,8,2,50.4,25.1,37.8,39.5
Luka Dončić,9,2,102.7,8.8,55.8,30.0
Luka Dončić,10,2,57.0,42.4,49.7,33.5
Luka Dončić,11,3,62.7,36.4,49.1,37.7
Luka Dončić,12,3,63.6,43.7,52.1,37.0
Luka Dončić,13,3,81.1,45.0,59.1,35.3
Mark Williams,1,2,27.5,8.0,17.8,19.0
Mark Williams,2,4,57.0,24.5,39.9,27.2
Mark Williams,3,3,46.0,33.0,38.0,28.0
Mark Williams,4,3,34.0,15.0,23.8,24.7
Mark Williams,5,3,43.5,35.0,38.5,25.3
Mark Williams,6,2,63.0,27.0,45.0,25.5
Mark Williams,7,2,35.0,18.5,26.8,21.0
Mark Williams,8,3,47.8,18.5,37.1,25.7
Mark Williams,9,2,23.5,19.0,21.2,18.5
Mark Williams,10,3,53.5,21.0,40.7,19.7
Mark Williams,11,3,32.5,17.0,22.3,22.3
Mark Williams,12,4,38.5,16.0,29.5,23.8
Mark Williams,13,2,45.0,30.0,37.5,26.5
Matas Buzelis,1,2,37.0,2.5,19.8,23.0
Matas Buzelis,2,4,46.7,16.6,28.9,31.5
Matas Buzelis,3,3,44.6,0.0,22.2,28.0
Matas Buzelis,4,3,44.6,27.1,36.8,30.7
Matas Buzelis,5,4,30.8,16.5,25.3,24.0
Matas Buzelis,6,3,30.1,12.0,20.2,28.3
Matas Buzelis,7,4,50.6,21.8,35.6,32.2
Matas Buzelis,8,2,28.3,20.0,24.1,24.0
Matas Buzelis,9,3,51.6,11.5,36.7,28.0
Matas Buzelis,10,3,28.6,11.8,20.7,20.0
Matas Buzelis,11,4,51.1,20.4,31.4,28.8
Matas Buzelis,12,3,39.4,30.3,35.5,29.7
Matas Buzelis,13,3,37.6,13.3,26.2,29.3
Michael Porter,1,3,53.5,21.6,36.0,33.0
Michael Porter,2,3,49.7,25.6,36.7,30.7
Michael Porter,3,3,45.7,30.2,37.0,31.0
Michael Porter,4,3,61.4,29.3,48.7,35.3
Michael Porter,5,3,49.2,46.2,47.5,34.7
Michael Porter,6,1,13.3,13.3,13.3,27.0
Michael Porter,7,3,66.0,57.6,61.4,34.3
Michael Porter,8,2,42.8,21.6,32.2,30.0
Michael Porter,9,2,48.7,38.5,43.6,35.0
Michael Porter,10,2,47.2,35.0,41.1,33.5
Michael Porter,11,2,57.0,48.1,52.5,34.0
Michael Porter,12,2,44.9,42.5,43.7,35.5
Michael Porter,13,3,41.3,23.7,34.3,32.3
Mikal Bridges,1,3,51.8,30.6,39.6,35.3
Mikal Bridges,2,3,56.4,30.1,44.2,37.3
Mikal Bridges,3,3,39.6,30.4,34.2,30.0
Mikal Bridges,4,3,53.4,16.0,38.9,36.0
Mikal Bridges,5,3,52.1,42.4,47.1,37.3
Mikal Bridges,6,4,47.5,33.6,39.2,34.5
Mikal Bridges,7,4,65.4,27.5,40.1,31.0
Mikal Bridges,8,2,38.4,25.5,31.9,39.5
Mikal Bridges,9,3,44.2,36.8,40.5,38.0
Mikal Bridges,10,3,35.1,14.8,26.7,37.0
Mikal Bridges,11,4,41.5,29.4,35.1,35.5
Mikal Bridges,12,4,50.6,14.6,34.7,31.5
Mikal Bridges,13,2,36.4,27.1,31.8,35.5
Miles Bridges,1,3,44.4,32.3,38.4,32.7
Miles Bridges,2,4,56.8,18.7,35.5,33.5
Miles Bridges,3,2,34.9,33.0,34.0,39.0
Miles Bridges,4,4,62.1,25.9,42.7,36.2
Miles Bridges,5,4,44.4,27.5,36.9,34.5
Miles Bridges,6,3,48.3,14.9,35.8,37.0
Miles Bridges,7,4,49.5,5.0,24.8,32.0
Miles Bridges,8,2,55.2,40.9,48.0,36.5
Miles Bridges,9,2,30.1,15.9,23.0,31.0
Miles Bridges,10,3,54.1,31.0,40.6,33.0
Miles Bridges,11,3,54.9,7.8,32.4,26.3
Miles Bridges,12,4,40.5,25.1,35.2,30.5
Miles Bridges,13,2,49.5,16.3,32.9,33.5
Myles Turner,1,3,35.6,14.5,25.6,29.3
Myles Turner,2,3,37.4,14.4,26.7,27.7
Myles Turner,3,4,48.5,31.1,38.4,30.0
Myles Turner,4,4,39.4,16.3,27.9,30.0
Myles Turner,5,3,36.7,27.9,31.1,31.7
Myles Turner,6,4,41.3,22.1,31.1,28.8
Myles Turner,7,4,24.9,18.4,20.6,23.5
Myles Turner,8,2,12.5,6.5,9.5,26.0
Myles Turner,9,2,32.2,26.4,29.3,34.5
Myles Turner,10,3,21.3,7.1,16.5,27.7
Myles Turner,11,4,48.9,12.0,32.0,29.0
Myles Turner,12,3,25.4,11.6,20.2,24.0
Myles Turner,13,1,12.8,12.8,12.8,23.0
Naji Marshall,1,3,33.0,3.5,20.8,24.3
Naji Marshall,2,3,15.0,5.0,10.1,22.7
Naji Marshall,3,4,57.9,19.3,33.6,26.0
Naji Marshall,4,4,43.9,22.5,29.9,31.2
Naji Marshall,5,4,37.8,5.5,22.6,27.8
Naji Marshall,6,3,46.6,14.8,31.1,27.7
Naji Marshall,7,4,47.1,26.8,32.7,31.0
Naji Marshall,8,1,29.8,29.8,29.8,32.0
Naji Marshall,9,3,45.5,22.5,31.6,34.3
Naji Marshall,10,4,36.8,12.3,23.2,28.8
Naji Marshall,11,3,32.8,13.5,21.8,28.0
Naji Marshall,12,3,29.3,27.8,28.6,31.0
Naji Marshall,13,3,58.0,31.5,46.4,31.3
Naz Reid,1,3,34.3,15.8,23.2,22.0
Naz Reid,2,3,35.1,5.8,21.4,23.7
Naz Reid,3,4,38.7,12.3,24.8,23.5
Naz Reid,4,3,42.6,22.8,34.5,28.0
Naz Reid,5,3,47.0,24.3,38.1,25.7
Naz Reid,6,4,32.4,19.6,26.1,26.2
Naz Reid,7,3,50.7,39.0,43.5,31.0
Naz Reid,8,3,50.7,13.1,34.9,31.7
Naz Reid,9,3,39.0,18.6,29.0,30.0
Naz Reid,10,3,25.1,18.9,22.5,27.3
Naz Reid,11,4,53.3,9.5,34.4,23.5
Naz Reid,12,4,46.0,21.6,35.1,27.0
Naz Reid,13,2,54.0,29.1,41.5,30.0
Nic Claxton,1,3,32.5,25.5,28.7,26.7
Nic Claxton,2,3,49.5,15.5,34.2,28.7
Nic Claxton,3,4,59.0,33.5,43.9,29.2
Nic Claxton,4,3,52.0,29.5,44.2,33.0
Nic Claxton,5,3,57.5,16.5,37.5,32.0
Nic Claxton,6,3,18.0,13.0,15.3,29.7
Nic Claxton,7,4,61.0,34.5,49.0,31.5
Nic Claxton,8,2,41.0,18.5,29.8,30.5
Nic Claxton,9,2,66.0,25.5,45.8,31.5
Nic Claxton,10,2,39.0,31.0,35.0,29.0
Nic Claxton,11,2,55.5,25.0,40.2,30.0
Nic Claxton,12,3,30.3,17.0,23.9,27.0
Nic Claxton,13,3,41.0,20.0,33.3,27.7
Nickeil Alexander-Walker,1,3,33.4,16.3,25.8,29.7
Nickeil Alexander-Walker,2,4,39.1,17.5,30.3,32.0
Nickeil Alexander-Walker,3,2,22.9,15.4,19.1,31.0
Nickeil Alexander-Walker,4,3,39.4,30.3,34.3,29.0
Nickeil Alexander-Walker,5,4,70.4,22.1,41.2,36.5
Nickeil Alexander-Walker,6,3,59.8,10.6,36.8,37.0
Nickeil Alexander-Walker,7,4,42.0,30.1,35.8,33.0
Nickeil Alexander-Walker,8,2,22.1,20.2,21.1,32.5
Nickeil Alexander-Walker,9,3,43.2,10.8,25.5,32.0
Nickeil Alexander-Walker,10,3,31.1,27.6,29.4,32.0
Nickeil Alexander-Walker,11,4,51.8,9.9,34.4,35.2
Nickeil Alexander-Walker,12,4,45.6,18.1,36.1,33.8
Nickeil Alexander-Walker,13,2,43.5,28.6,36.0,31.0
Nikola Jokić,1,2,69.0,56.1,62.5,36.5
Nikola Jokić,2,3,85.5,65.6,72.8,33.7
Nikola Jokić,3,4,99.1,68.1,84.0,33.2
Nikola Jokić,4,3,102.5,66.9,84.4,34.7
Nikola Jokić,5,4,91.3,53.1,73.8,37.2
Nikola Jokić,6,3,67.9,54.8,59.6,33.7
Nikola Jokić,7,4,88.9,58.3,70.7,35.8
Nikola Jokić,8,1,84.6,84.6,84.6,29.0
Nikola Jokić,9,3,81.0,32.8,58.8,36.3
Nikola Jokić,10,4,121.2,73.8,89.1,36.5
Nikola Jokić,11,1,43.8,43.8,43.8,19.0
Nikola Vučević,1,2,59.2,29.3,44.2,32.0
Nikola Vučević,2,4,63.8,39.7,49.7,32.5
Nikola Vučević,3,3,40.3,22.5,30.1,30.3
Nikola Vučević,4,3,51.9,11.0,29.6,31.7
Nikola Vučević,5,4,52.9,12.0,35.1,27.8
Nikola Vučević,6,2,40.3,39.6,40.0,30.5
Nikola Vučević,7,4,52.8,17.6,27.1,29.2
Nikola Vučević,8,2,29.8,26.6,28.2,26.5
Nikola Vučević,9,3,60.1,37.8,50.3,30.3
Nikola Vučević,10,3,49.3,21.8,34.1,28.7
Nikola Vučević,11,4,60.4,32.4,43.9,33.2
Nikola Vučević,12,3,51.6,45.3,48.8,32.3
Nikola Vučević,13,3,65.1,38.5,50.0,33.7
Norman Powell,1,3,52.4,29.6,43.6,31.0
Norman Powell,3,4,33.6,19.2,27.2,29.0
Norman Powell,4,3,49.9,37.5,42.9,35.0
Norman Powell,5,4,48.2,23.5,37.1,28.5
Norman Powell,6,2,35.9,17.0,26.4,31.0
Norman Powell,7,3,50.3,23.3,36.2,30.3
Norman Powell,8,1,39.7,39.7,39.7,34.0
Norman Powell,9,4,41.9,20.1,30.6,34.0
Norman Powell,10,3,47.1,33.3,39.1,32.0
Norman Powell,11,4,59.2,22.1,39.7,29.2
Norman Powell,12,2,28.4,-1.2,13.6,26.5
Norman Powell,13,2,43.7,42.8,43.2,32.0
OG Anunoby,1,3,53.2,15.6,32.7,34.7
OG Anunoby,2,3,49.5,24.3,37.6,35.0
OG Anunoby,3,3,49.9,39.2,43.6,30.3
OG Anunoby,4,3,22.3,4.5,15.5,25.0
OG Anunoby,7,2,44.0,8.0,26.0,25.5
OG Anunoby,8,2,47.9,27.3,37.6,38.0
OG Anunoby,9,3,27.6,0.5,16.6,33.3
OG Anunoby,10,2,46.6,15.3,31.0,35.5
OG Anunoby,11,4,43.8,20.5,33.9,35.8
OG Anunoby,12,4,45.7,15.0,29.4,33.2
OG Anunoby,13,2,33.3,25.5,29.4,32.0
Onyeka Okongwu,1,3,41.3,33.3,37.0,32.7
Onyeka Okongwu,2,4,44.6,5.8,30.2,27.2
Onyeka Okongwu,3,3,41.0,14.5,30.2,28.3
Onyeka Okongwu,4,4,65.9,21.0,43.2,29.8
Onyeka Okongwu,5,3,33.4,31.7,32.7,31.3
Onyeka Okongwu,6,3,46.1,27.4,35.3,33.7
Onyeka Okongwu,7,4,58.5,19.8,37.5,33.5
Onyeka Okongwu,8,2,47.0,28.5,37.8,32.0
Onyeka Okongwu,9,3,54.4,28.3,37.6,35.7
Onyeka Okongwu,10,3,60.8,23.5,37.1,35.7
Onyeka Okongwu,11,4,53.9,13.5,39.6,30.5
Onyeka Okongwu,12,3,53.9,36.4,47.3,34.7
Onyeka Okongwu,13,2,48.0,25.0,36.5,35.0
P.J. Washington,1,3,33.8,28.1,30.3,33.3
P.J. Washington,2,3,35.1,21.5,26.4,34.3
P.J. Washington,3,4,56.3,24.6,37.3,34.0
P.J. Washington,4,3,26.0,13.0,20.6,21.7
P.J. Washington,5,4,43.0,24.8,32.4,31.8
P.J. Washington,6,2,42.9,39.1,41.0,34.5
P.J. Washington,7,1,40.1,40.1,40.1,36.0
P.J. Washington,8,1,22.3,22.3,22.3,25.0
P.J. Washington,9,3,42.8,38.3,41.1,35.3
P.J. Washington,10,3,40.0,22.6,32.7,32.0
P.J. Washington,11,3,28.8,6.5,18.7,25.0
P.J. Washington,13,1,16.0,16.0,16.0,31.0
Paolo Banchero,1,3,38.8,7.0,27.0,35.7
Paolo Banchero,2,4,59.8,43.5,54.0,33.0
Paolo Banchero,3,3,45.5,34.8,38.4,36.0
Paolo Banchero,4,2,45.1,16.0,30.6,23.5
Paolo Banchero,7,2,18.3,16.4,17.4,22.0
Paolo Banchero,8,2,33.0,30.1,31.6,33.5
Paolo Banchero,9,2,63.0,45.8,54.4,40.5
Paolo Banchero,10,4,39.0,22.0,27.9,34.2
Paolo Banchero,11,4,66.1,54.6,57.9,36.0
Paolo Banchero,12,4,47.3,18.3,36.3,36.0
Paolo Banchero,13,1,64.7,64.7,64.7,37.0
Pascal Siakam,1,3,63.9,30.6,50.3,35.7
Pascal Siakam,2,3,43.8,23.1,36.7,35.0
Pascal Siakam,3,3,56.8,21.0,38.0,35.7
Pascal Siakam,4,3,49.5,23.5,39.0,34.0
Pascal Siakam,5,3,47.4,39.4,44.1,36.0
Pascal Siakam,6,4,53.8,18.0,42.6,32.0
Pascal Siakam,7,3,54.5,30.4,41.5,32.0
Pascal Siakam,8,3,39.8,22.0,30.5,32.7
Pascal Siakam,9,2,52.6,28.1,40.4,34.5
Pascal Siakam,10,4,57.7,16.0,36.4,33.0
Pascal Siakam,11,4,60.1,32.3,44.0,34.2
Pascal Siakam,12,3,46.9,19.5,33.1,32.3
Pascal Siakam,13,3,54.0,38.2,46.5,34.3
Paul George,5,3,36.7,20.0,26.2,22.0
Paul George,6,2,43.1,29.1,36.1,24.5
Paul George,7,3,40.1,16.4,27.6,26.7
Paul George,8,2,49.1,37.2,43.2,33.0
Paul George,9,1,19.3,19.3,19.3,33.0
Paul George,10,3,36.6,19.2,30.5,32.3
Paul George,11,3,41.9,17.4,26.6,35.7
Paul George,12,3,49.2,22.6,37.8,32.7
Paul George,13,3,34.6,27.3,31.8,29.7
Payton Pritchard,1,3,40.6,22.8,30.1,35.7
Payton Pritchard,2,4,39.1,24.8,31.5,30.5
Payton Pritchard,3,4,34.5,12.8,26.6,31.0
Payton Pritchard,4,3,52.5,11.8,36.4,31.3
Payton Pritchard,5,3,48.8,21.4,36.2,34.7
Payton Pritchard,6,3,59.3,24.8,37.9,32.0
Payton Pritchard,7,4,41.9,18.3,31.5,32.5
Payton Pritchard,8,1,27.4,27.4,27.4,31.0
Payton Pritchard,9,3,64.7,22.6,37.3,33.0
Payton Pritchard,10,3,51.4,21.8,32.9,36.3
Payton Pritchard,11,3,40.3,34.1,37.3,35.3
Payton Pritchard,12,4,57.4,17.5,37.5,31.0
Payton Pritchard,13,2,49.9,24.5,37.2,30.5
Peyton Watson,1,2,13.0,6.0,9.5,18.0
Peyton Watson,2,3,36.5,20.0,27.7,23.7
Peyton Watson,3,4,36.8,2.5,21.3,21.2
Peyton Watson,4,3,20.5,5.5,10.7,24.7
Peyton Watson,5,4,59.5,21.8,33.9,34.0
Peyton Watson,6,3,46.0,26.8,35.4,31.7
Peyton Watson,7,4,37.8,14.3,27.8,32.2
Peyton Watson,8,1,23.6,23.6,23.6,23.0
Peyton Watson,9,1,8.3,8.3,8.3,6.0
Peyton Watson,10,4,39.4,0.0,22.6,32.2
Peyton Watson,11,4,37.3,17.0,29.3,34.2
Peyton Watson,12,4,49.1,38.2,43.3,38.5
Peyton Watson,13,2,61.8,25.1,43.5,35.0
RJ Barrett,1,3,51.6,26.3,41.1,30.3
RJ Barrett,2,4,43.6,20.6,32.0,34.2
RJ Barrett,3,3,46.2,32.1,38.8,32.7
RJ Barrett,4,3,35.9,20.0,27.8,28.0
RJ Barrett,5,4,39.6,23.6,30.3,29.0
RJ Barrett,10,1,26.1,26.1,26.1,24.0
RJ Barrett,11,2,37.2,28.3,32.8,27.0
RJ Barrett,12,3,40.8,28.6,34.8,31.3
Rudy Gobert,1,3,47.0,14.5,27.8,31.3
Rudy Gobert,2,3,58.5,23.5,35.3,33.0
Rudy Gobert,3,4,62.0,18.5,37.8,31.2
Rudy Gobert,4,3,41.0,15.0,27.3,30.3
Rudy Gobert,5,3,42.5,34.5,37.3,33.3
Rudy Gobert,6,4,35.5,25.0,30.9,31.8
Rudy Gobert,7,3,61.5,16.5,39.0,31.7
Rudy Gobert,8,3,64.0,29.0,43.0,25.3
Rudy Gobert,9,3,57.0,23.0,43.3,35.7
Rudy Gobert,10,3,53.0,23.0,40.3,34.3
Rudy Gobert,11,4,55.0,29.5,40.1,29.8
Rudy Gobert,12,4,44.0,31.0,39.6,32.5
Rudy Gobert,13,1,32.5,32.5,32.5,32.0
Russell Westbrook,1,3,35.2,11.0,21.0,21.0
Russell Westbrook,2,3,37.5,26.3,32.5,31.0
Russell Westbrook,3,4,70.9,7.6,43.1,30.8
Russell Westbrook,4,4,41.6,9.3,30.4,29.8
Russell Westbrook,5,3,57.6,19.1,38.2,27.0
Russell Westbrook,6,4,64.6,18.0,34.6,28.2
Russell Westbrook,7,2,32.8,26.6,29.7,30.0
Russell Westbrook,8,3,76.6,26.8,46.0,31.7
Russell Westbrook,9,3,43.5,34.0,38.5,31.3
Russell Westbrook,10,3,43.0,17.8,33.7,30.7
Russell Westbrook,11,4,43.3,16.1,28.3,27.5
Russell Westbrook,12,3,41.9,16.3,28.8,31.0
Russell Westbrook,13,3,41.8,35.7,39.0,34.7
Ryan Rollins,1,3,40.3,18.3,29.5,31.0
Ryan Rollins,2,3,55.0,41.0,48.7,32.7
Ryan Rollins,3,4,49.2,14.3,29.1,29.2
Ryan Rollins,4,4,48.7,12.5,35.5,31.5
Ryan Rollins,5,3,66.6,31.0,47.7,34.3
Ryan Rollins,6,4,39.7,20.5,31.0,35.8
Ryan Rollins,7,4,46.6,20.3,33.8,31.8
Ryan Rollins,8,2,25.6,22.3,24.0,24.0
Ryan Rollins,9,2,35.9,33.6,34.8,25.5
Ryan Rollins,10,3,51.1,29.6,43.6,30.3
Ryan Rollins,11,4,71.8,21.1,37.3,35.2
Ryan Rollins,12,3,37.1,9.3,21.1,33.7
Ryan Rollins,13,2,29.8,22.8,26.3,28.5
Santi Aldama,1,3,28.3,18.0,24.9,21.7
Santi Aldama,2,4,46.6,20.6,31.0,26.8
Santi Aldama,3,4,34.8,15.8,24.4,26.8
Santi Aldama,4,3,39.8,33.6,36.2,26.3
Santi Aldama,5,3,51.0,25.0,41.2,29.7
Santi Aldama,6,4,37.0,25.0,32.5,25.2
Santi Aldama,7,3,42.4,17.0,26.0,25.7
Santi Aldama,8,1,42.7,42.7,42.7,36.0
Santi Aldama,9,3,65.5,7.0,32.3,33.7
Santi Aldama,10,4,59.6,12.8,34.9,31.0
Santi Aldama,11,3,35.0,33.4,34.1,32.3
Santi Aldama,12,4,47.3,8.5,29.4,27.0
Santi Aldama,13,1,29.7,29.7,29.7,30.0
Scottie Barnes,1,3,60.0,30.1,48.8,34.0
Scottie Barnes,2,4,64.9,14.1,42.2,32.5
Scottie Barnes,3,3,58.4,40.0,46.5,31.7
Scottie Barnes,4,3,75.3,42.5,54.8,32.7
Scottie Barnes,5,4,51.5,32.5,43.4,33.2
Scottie Barnes,6,4,66.3,34.7,46.4,36.2
Scottie Barnes,7,4,67.1,22.8,47.9,35.8
Scottie Barnes,8,1,24.8,24.8,24.8,37.0
Scottie Barnes,9,4,50.3,16.0,36.8,33.8
Scottie Barnes,10,3,94.5,26.0,55.5,35.7
Scottie Barnes,11,3,68.6,36.8,52.0,34.0
Scottie Barnes,12,3,48.8,22.0,38.3,36.3
Scottie Barnes,13,3,65.8,26.0,44.8,38.0
Shaedon Sharpe,1,3,19.3,11.9,14.7,28.7
Shaedon Sharpe,2,3,28.5,21.2,25.9,25.7
Shaedon Sharpe,3,3,39.8,25.8,33.4,26.3
Shaedon Sharpe,4,4,61.1,31.3,43.4,32.2
Shaedon Sharpe,5,1,35.0,35.0,35.0,30.0
Shaedon Sharpe,6,2,18.5,4.8,11.7,22.0
Shaedon Sharpe,7,4,40.1,14.9,31.3,31.0
Shaedon Sharpe,8,2,61.0,30.7,45.9,30.0
Shaedon Sharpe,9,2,34.2,31.6,32.9,34.5
Shaedon Sharpe,10,4,33.0,22.6,28.9,31.5
Shaedon Sharpe,11,4,34.1,1.5,20.1,30.0
Shaedon Sharpe,12,4,59.0,17.9,37.7,32.8
Shaedon Sharpe,13,2,45.1,28.3,36.7,30.5
Shai Gilgeous-Alexander,1,3,81.6,52.8,63.8,40.3
Shai Gilgeous-Alexander,2,4,64.8,38.3,51.2,32.5
Shai Gilgeous-Alexander,3,4,69.2,49.1,57.5,32.8
Shai Gilgeous-Alexander,4,3,64.4,61.1,63.1,28.7
Shai Gilgeous-Alexander,5,4,71.1,49.3,56.3,31.2
Shai Gilgeous-Alexander,6,3,72.3,38.0,55.6,36.3
Shai Gilgeous-Alexander,7,2,59.1,57.0,58.0,32.5
Shai Gilgeous-Alexander,8,2,55.9,39.3,47.6,32.0
Shai Gilgeous-Alexander,9,2,65.1,61.4,63.2,33.0
Shai Gilgeous-Alexander,10,4,69.9,36.3,52.5,34.0
Shai Gilgeous-Alexander,11,4,66.6,24.3,48.9,32.2
Shai Gilgeous-Alexander,12,3,74.3,28.3,51.6,34.7
Shai Gilgeous-Alexander,13,2,56.8,27.3,42.0,33.5
Stephen Curry,1,3,78.8,39.4,57.8,32.0
Stephen Curry,2,4,39.6,14.2,28.6,30.0
Stephen Curry,3,1,38.5,38.5,38.5,34.0
Stephen Curry,4,4,70.0,6.8,38.3,29.5
Stephen Curry,5,2,56.6,50.7,53.7,34.0
Stephen Curry,6,2,45.8,20.6,33.2,31.0
Stephen Curry,8,2,73.1,52.3,62.7,33.5
Stephen Curry,9,2,49.2,35.1,42.2,34.0
Stephen Curry,10,3,44.7,24.1,36.5,35.0
Stephen Curry,11,3,42.8,33.5,38.9,32.0
Stephen Curry,12,4,54.9,41.4,49.3,33.2
Stephen Curry,13,2,49.7,31.6,40.7,29.5
Stephon Castle,1,3,39.8,16.0,24.9,30.7
Stephon Castle,2,3,57.6,28.8,47.5,33.3
Stephon Castle,3,3,45.0,29.8,39.9,36.0
Stephon Castle,4,4,55.0,8.3,38.1,28.8
Stephon Castle,8,3,53.9,23.8,34.4,28.0
Stephon Castle,9,3,40.8,32.3,35.8,27.0
Stephon Castle,10,3,37.0,32.2,33.8,31.0
Stephon Castle,11,4,41.3,6.0,27.9,32.8
Stephon Castle,12,4,37.5,6.0,20.4,29.8
Stephon Castle,13,2,43.8,37.4,40.6,31.0
Tobias Harris,1,3,36.6,29.3,32.2,36.3
Tobias Harris,2,3,35.3,12.1,20.2,28.0
Tobias Harris,5,1,40.4,40.4,40.4,23.0
Tobias Harris,6,4,37.2,18.8,28.8,28.5
Tobias Harris,7,3,28.0,5.8,17.0,28.7
Tobias Harris,8,1,21.8,21.8,21.8,21.0
Tobias Harris,9,3,33.5,7.0,22.0,25.7
Tobias Harris,10,4,40.9,12.0,28.2,27.8
Tobias Harris,11,1,7.3,7.3,7.3,6.0
Tobias Harris,13,1,46.5,46.5,46.5,29.0
Trae Young,1,3,39.8,26.8,31.7,32.7
Trae Young,2,2,50.8,9.5,30.1,20.5
Trae Young,9,2,55.6,24.5,40.0,23.0
Trae Young,10,3,55.8,18.0,38.4,31.3
Tre Jones,1,2,42.8,35.8,39.3,30.5
Tre Jones,2,4,48.1,19.0,30.1,29.8
Tre Jones,3,3,36.5,24.0,29.8,28.7
Tre Jones,4,2,49.5,26.0,37.8,31.5
Tre Jones,5,2,14.0,10.0,12.0,22.0
Tre Jones,6,3,42.5,23.5,32.7,28.0
Tre Jones,7,1,29.1,29.1,29.1,30.0
Tre Jones,8,2,28.0,14.0,21.0,24.5
Tre Jones,9,3,43.5,22.5,33.7,23.0
Tre Jones,10,3,30.0,16.5,21.8,23.0
Tre Jones,11,4,51.3,12.0,27.8,26.2
Tre Jones,12,3,31.8,24.5,28.6,27.0
Tre Jones,13,3,60.5,29.0,40.1,27.7
Trey Murphy,1,2,56.9,22.8,39.9,39.0
Trey Murphy,2,4,40.0,12.8,26.8,33.0
Trey Murphy,3,3,72.0,31.8,46.3,37.7
Trey Murphy,4,4,42.4,34.6,37.8,35.5
Trey Murphy,5,4,45.5,28.7,37.7,33.8
Trey Murphy,6,2,36.2,28.6,32.4,37.0
Trey Murphy,7,3,63.7,41.1,50.1,36.7
Trey Murphy,8,3,56.1,38.6,49.3,34.3
Trey Murphy,9,2,47.1,32.6,39.9,35.5
Trey Murphy,10,4,38.8,28.1,34.4,34.2
Trey Murphy,11,3,54.1,26.9,37.5,36.7
Trey Murphy,12,3,68.1,39.4,55.6,37.3
Trey Murphy,13,3,68.0,35.5,48.7,36.7
Tyler Herro,6,3,56.4,29.8,45.2,31.0
Tyler Herro,7,2,34.7,27.6,31.2,31.0
Tyler Herro,8,1,30.5,30.5,30.5,34.0
Tyler Herro,12,3,42.8,22.3,32.3,29.3
Tyler Herro,13,2,45.2,24.6,34.9,35.0
Tyrese Maxey,1,2,66.1,47.2,56.6,41.5
Tyrese Maxey,2,4,68.2,50.2,60.2,43.0
Tyrese Maxey,3,4,64.3,46.1,54.1,39.0
Tyrese Maxey,4,2,49.1,43.4,46.2,37.0
Tyrese Maxey,5,4,96.3,42.0,60.4,40.8
Tyrese Maxey,6,3,59.1,28.8,46.7,42.0
Tyrese Maxey,7,4,69.2,33.0,52.0,36.2
Tyrese Maxey,9,2,55.5,47.8,51.6,39.5
Tyrese Maxey,10,3,48.0,17.5,36.7,38.3
Tyrese Maxey,11,3,77.2,62.8,71.7,40.7
Tyrese Maxey,12,4,62.2,38.4,51.2,39.2
Tyrese Maxey,13,3,60.1,25.6,45.2,35.0
VJ Edgecombe,1,2,48.0,45.3,46.6,41.0
VJ Edgecombe,2,4,51.6,27.2,35.9,38.0
VJ Edgecombe,3,4,35.1,10.0,22.2,35.8
VJ Edgecombe,4,2,31.7,16.1,23.9,36.0
VJ Edgecombe,5,3,40.3,27.6,33.5,37.3
VJ Edgecombe,6,1,18.3,18.3,18.3,21.0
VJ Edgecombe,7,4,40.3,20.6,28.4,27.5
VJ Edgecombe,8,2,43.9,36.2,40.0,39.0
VJ Edgecombe,9,2,45.4,38.9,42.1,36.5
VJ Edgecombe,10,2,22.5,7.6,15.1,33.5
VJ Edgecombe,11,3,55.5,50.2,53.0,40.7
VJ Edgecombe,12,4,49.5,21.6,37.2,40.5
VJ Edgecombe,13,3,37.5,18.8,27.0,31.7
Victor Wembanyama,1,3,84.8,75.9,80.7,32.7
Victor Wembanyama,2,3,73.3,23.8,51.9,35.0
Victor Wembanyama,3,3,50.6,27.0,40.2,34.0
Victor Wembanyama,4,3,82.8,57.9,67.7,36.7
Victor Wembanyama,8,1,36.8,36.8,36.8,21.0
Victor Wembanyama,9,3,57.6,36.0,46.0,20.0
Victor Wembanyama,10,3,60.5,19.8,40.1,25.7
Victor Wembanyama,11,2,57.1,51.6,54.4,25.5
Victor Wembanyama,12,4,48.0,40.3,45.3,25.0
Victor Wembanyama,13,2,46.5,26.5,36.5,25.0
Wendell Carter,1,3,24.0,22.8,23.3,30.7
Wendell Carter,2,4,40.6,12.6,30.6,26.0
Wendell Carter,3,3,27.1,18.6,22.2,31.0
Wendell Carter,4,4,44.8,16.5,31.6,32.5
Wendell Carter,5,3,43.3,18.6,29.9,29.7
Wendell Carter,6,2,28.1,27.0,27.6,27.0
Wendell Carter,7,4,36.3,19.5,24.0,30.0
Wendell Carter,8,2,45.6,39.6,42.6,33.0
Wendell Carter,9,2,55.2,36.8,46.0,33.0
Wendell Carter,10,4,35.8,14.0,29.1,31.5
Wendell Carter,11,4,47.3,22.5,29.7,31.2
Wendell Carter,12,3,40.0,12.5,27.3,29.3
Wendell Carter,13,1,24.3,24.3,24.3,29.0
Zach Edey,4,1,30.5,30.5,30.5,25.0
Zach Edey,5,3,48.5,26.5,36.8,25.3
Zach Edey,6,4,73.5,4.5,43.8,25.5
Zach Edey,7,3,48.5,19.0,30.8,27.0
Zach LaVine,1,3,40.2,32.6,36.0,37.3
Zach LaVine,2,3,48.1,27.2,39.7,36.7
Zach LaVine,3,3,41.8,15.6,26.1,32.0
Zach LaVine,4,3,38.2,15.3,24.0,32.0
Zach LaVine,5,3,34.2,6.0,21.5,30.7
Zach LaVine,6,4,44.2,7.3,24.1,34.5
Zach LaVine,7,2,56.9,9.5,33.2,29.0
Zach LaVine,8,2,17.6,9.8,13.7,27.0
Zach LaVine,11,1,33.1,33.1,33.1,36.0
Zach LaVine,12,3,34.6,15.9,23.8,31.7
Zach LaVine,13,3,33.9,29.9,31.9,33.3
Zion Williamson,1,2,53.5,50.0,51.8,35.0
Zion Williamson,2,3,37.0,14.0,28.5,29.0
Zion Williamson,5,2,39.5,30.0,34.8,29.5
Zion Williamson,6,3,38.5,27.5,34.2,31.0
Zion Williamson,8,1,30.0,30.0,30.0,27.0
Zion Williamson,9,2,42.5,18.5,30.5,22.0
Zion Williamson,10,4,47.5,32.0,38.2,25.8
Zion Williamson,11,4,64.0,21.5,47.4,28.8
Zion Williamson,12,4,51.0,28.0,41.1,31.2
Zion Williamson,13,3,52.0,26.5,41.2,31.3
